<?xml version="1.0" encoding="UTF-8"?>
<project-private xmlns="http://www.netbeans.org/ns/project-private/1">
    <editor-bookmarks xmlns="http://www.netbeans.org/ns/editor-bookmarks/2" lastBookmarkId="0"/>
    <open-files xmlns="http://www.netbeans.org/ns/projectui-open-files/2">
        <group name="DAW1-M03-uf57">
            <file>file:/C:/Users/usuari/Downloads/m03-pt61/m03-pt61/src/cat/proven/pokedex/model/Genre.java</file>
            <file>file:/C:/Users/usuari/Downloads/m03-pt61/m03-pt61/src/cat/proven/pokedex/PokedexUI.java</file>
            <file>file:/C:/Users/usuari/Downloads/m03-pt61/m03-pt61/src/cat/proven/pokedex/MainMenu.java</file>
        </group>
    </open-files>
</project-private>
